user_id,name,age,country
U100,User_0,19,Germany
U101,User_1,38,USA
U102,User_2,50,Canada
U103,User_3,29,UK
U104,User_4,39,India
U105,User_5,42,Germany
U106,User_6,44,UK
U107,User_7,59,UK
U108,User_8,45,Germany
U109,User_9,33,Canada
U110,User_10,32,India
U111,User_11,20,India
U112,User_12,54,Canada
U113,User_13,24,Germany
U114,User_14,38,UK
U115,User_15,26,Canada
U116,User_16,56,Germany
U117,User_17,35,Germany
U118,User_18,21,Germany
U119,User_19,42,Germany
U120,User_20,31,India
U121,User_21,26,Germany
U122,User_22,43,Canada
U123,User_23,19,UK
U124,User_24,37,UK
U125,User_25,45,USA
U126,User_26,24,Canada
U127,User_27,25,USA
U128,User_28,52,Canada
U129,User_29,31,Germany
U130,User_30,34,USA
U131,User_31,53,Germany
U132,User_32,57,Canada
U133,User_33,21,India
U134,User_34,19,India
U135,User_35,23,India
U136,User_36,59,India
U137,User_37,21,UK
U138,User_38,46,India
U139,User_39,35,Canada
U140,User_40,43,India
U141,User_41,51,UK
U142,User_42,27,Germany
U143,User_43,53,USA
U144,User_44,31,Germany
U145,User_45,48,Germany
U146,User_46,32,USA
U147,User_47,25,India
U148,User_48,31,India
U149,User_49,40,Canada
U150,User_50,57,India
U151,User_51,38,India
U152,User_52,33,Canada
U153,User_53,35,USA
U154,User_54,41,Canada
U155,User_55,43,India
U156,User_56,42,India
U157,User_57,58,India
U158,User_58,46,Canada
U159,User_59,32,USA
U160,User_60,18,UK
U161,User_61,42,Canada
U162,User_62,24,USA
U163,User_63,26,India
U164,User_64,41,USA
U165,User_65,18,Germany
U166,User_66,25,Germany
U167,User_67,41,UK
U168,User_68,28,India
U169,User_69,34,UK
U170,User_70,25,Germany
U171,User_71,52,UK
U172,User_72,52,Germany
U173,User_73,50,Germany
U174,User_74,22,USA
U175,User_75,59,India
U176,User_76,56,Germany
U177,User_77,58,India
U178,User_78,45,UK
U179,User_79,24,UK
U180,User_80,26,Germany
U181,User_81,25,India
U182,User_82,29,Germany
U183,User_83,51,Germany
U184,User_84,50,USA
U185,User_85,40,UK
U186,User_86,41,India
U187,User_87,54,UK
U188,User_88,52,USA
U189,User_89,57,Canada
U190,User_90,39,UK
U191,User_91,44,USA
U192,User_92,52,UK
U193,User_93,18,India
U194,User_94,52,USA
U195,User_95,54,Canada
U196,User_96,31,UK
U197,User_97,20,USA
U198,User_98,18,Canada
U199,User_99,22,India
