customer_id,first_name,last_name,email,phone,signup_date,location
CUST1000,Danielle,Carney,davenportbrandi@jordan.com,+1-955-271-7744x9058,2022-09-08,West Jennifer
CUST1001,Angel,Santos,nolanjason@gmail.com,477-005-4119,2024-04-10,Brianberg
CUST1002,Joshua,Kim,kimberly69@moore.com,+1-867-980-7935x978,2024-06-23,Port Daniel
CUST1003,Jeffrey,Holmes,whitesandra@yahoo.com,(071)518-2037,2024-12-01,Susanstad
CUST1004,Jill,Martinez,erik16@garrison.com,889.255.4665x905,2024-11-22,Willismouth
CUST1005,Erica,Walker,kevin33@gmail.com,518-644-9251,2023-08-14,Marcusburgh
CUST1006,Patricia,Morgan,emurphy@bell-hicks.net,001-254-629-1486,2022-12-16,Connerfort
CUST1007,Christopher,Chapman,wilsontara@gmail.com,+1-528-168-5054x2357,2024-07-08,Grantside
CUST1008,Robert,Hall,rodriguezryan@hotmail.com,322.141.8880,2022-12-27,Jeffreyshire
CUST1009,Anthony,Robinson,gobrien@gmail.com,+1-592-962-2292x70653,2023-02-24,South Kurt
CUST1010,Jeffery,Jones,jonathanfletcher@gmail.com,947.383.4735x977,2023-01-26,Davidtown
CUST1011,William,Welch,ryan59@alvarado-martinez.com,001-468-862-3924x07581,2022-08-09,Rosalesshire
CUST1012,Anthony,Perez,snguyen@yahoo.com,001-814-124-7826x137,2022-10-25,East Carriebury
CUST1013,James,Whitehead,robertbentley@adkins.biz,(060)685-3615x305,2023-07-02,South Donaldland
CUST1014,Debra,Heath,justin69@pena.com,522-047-2779,2023-02-10,West Toni
CUST1015,Amy,Jones,donnacampbell@hotmail.com,1043289861,2023-05-25,Lake Nicole
CUST1016,Jeffrey,Young,cardenaskaren@hotmail.com,001-434-103-6971x17980,2024-04-04,Port Jennamouth
CUST1017,Bridget,Caldwell,lindsayhernandez@gmail.com,+1-893-246-0953x9621,2024-02-20,Smithborough
CUST1018,Lisa,Lewis,xcarr@gibson.org,518.888.8067x06540,2025-06-22,Lake Carlos
CUST1019,Adam,Anderson,psnyder@douglas.com,(153)195-2058x527,2025-03-27,Kristintown
CUST1020,Linda,Walls,gregoryrubio@hotmail.com,001-722-170-4303x054,2025-04-18,South Samuelchester
CUST1021,Helen,Duncan,grantsamantha@gmail.com,687.403.4505x41566,2022-11-29,South Trevor
CUST1022,Matthew,Kennedy,lauriecontreras@hotmail.com,001-765-277-5841x6169,2025-01-11,Bellfurt
CUST1023,Eric,Mueller,usalazar@hotmail.com,(845)115-4479,2025-01-17,Port Timothyshire
CUST1024,Susan,Aguirre,vmerritt@yahoo.com,001-627-570-5964x016,2023-08-28,East Shannon
CUST1025,Matthew,Lee,karen48@yahoo.com,(820)297-0213x556,2022-11-15,West Andrewview
CUST1026,Christopher,Davis,scott43@rogers-orozco.com,001-092-755-7192,2022-08-24,North Matthewfurt
CUST1027,Colin,Jordan,jessebenson@lewis.info,565.431.0278x68144,2022-10-30,Lake Charles
CUST1028,Melanie,Henderson,clarkrobert@hotmail.com,001-739-473-1217x271,2023-05-25,West Brookefort
CUST1029,Cassandra,Owens,wwoods@molina-castaneda.biz,+1-551-884-4225x83132,2025-04-20,South Sherriburgh
CUST1030,Lindsay,Daniel,brobinson@johnson-rogers.biz,705.895.7829,2024-06-09,Mooreville
CUST1031,Jessica,Nunez,ncalhoun@johnson.com,146-786-6912,2023-02-07,Jamieborough
CUST1032,Amanda,Joyce,dtaylor@williams.com,177-852-8922x68018,2022-12-11,Terryside
CUST1033,Teresa,Garcia,wmurphy@ramirez-bean.biz,(422)535-8414,2023-12-19,Donnaport
CUST1034,Nicholas,Powell,ruizkaitlyn@gmail.com,842.498.1829,2023-01-28,North Brandon
CUST1035,Andrea,Morgan,debraharrington@hotmail.com,001-229-959-0010,2022-09-26,Hernandezstad
CUST1036,Maria,Hensley,herringjames@howell.com,+1-943-969-0784x4736,2024-07-07,South Christopherfort
CUST1037,Christine,Wright,elliottjeffery@hotmail.com,710-276-7735x9255,2022-10-08,North Anthony
CUST1038,Michelle,Lee,gary91@gmail.com,001-562-588-1537x1473,2023-04-08,Lake Kelly
CUST1039,Barbara,West,lanesarah@hotmail.com,(104)696-3259,2024-12-29,South Meganport
CUST1040,Janet,Henderson,mdavid@gmail.com,001-532-787-7470x1687,2024-05-24,Ruizview
CUST1041,Brandon,Ramirez,terrykevin@burke.com,395.004.7974,2024-03-26,Lake Amyburgh
CUST1042,Jeremy,Wright,estanley@hotmail.com,+1-016-245-6506,2024-08-30,Nicolestad
CUST1043,Keith,Leblanc,atkinsonlynn@gmail.com,9835841687,2022-09-05,South Bradley
CUST1044,Christopher,Ramos,cynthia72@yahoo.com,001-849-912-1655x85239,2024-03-07,Marshallbury
CUST1045,Jesse,Callahan,christina87@graham-simon.com,680.002.5787x29825,2025-06-17,Anneberg
CUST1046,Craig,Pierce,mariahmiller@yahoo.com,+1-526-949-5888x794,2024-05-14,North Elizabethside
CUST1047,Joshua,Williams,qhudson@rogers-snyder.com,055.169.4097x4993,2023-04-16,Arellanoshire
CUST1048,Cynthia,Kidd,zlewis@peterson-beard.com,001-097-289-6230x9130,2024-01-22,New Bruce
CUST1049,Michael,Huff,christophercortez@peters-allen.info,562.636.8970x283,2023-06-20,Cardenaschester
CUST1050,Mitchell,Novak,fmcguire@yahoo.com,+1-578-652-7858,2023-05-08,Armstrongbury
CUST1051,Jason,House,tholt@perkins.biz,(497)334-8434x437,2023-09-22,Evansfurt
CUST1052,Joseph,Allison,jacqueline44@yahoo.com,758-441-9866x52404,2023-09-29,New Ashleyhaven
CUST1053,Sharon,Martin,griffithleslie@herrera.com,001-157-473-3848x421,2024-06-13,North Stacy
CUST1054,Deborah,Tucker,jenny89@yahoo.com,+1-933-083-3016x571,2023-03-09,Thompsonburgh
CUST1055,Chelsea,Lewis,kennethward@smith-ferguson.com,+1-208-267-7345x40193,2022-09-13,Port James
CUST1056,George,Morales,tranheidi@little.com,+1-026-206-7240,2025-03-01,South Christianchester
CUST1057,Jessica,Brown,taylor75@sheppard.info,4991547887,2025-03-09,Port Courtney
CUST1058,Frank,Gray,moralescharles@parks.com,(874)315-2742,2025-03-06,Luisland
CUST1059,Noah,Galloway,davidduran@carlson.biz,5493296685,2023-08-07,South Angelaside
CUST1060,Veronica,Baker,levans@yahoo.com,612-275-3046,2025-04-22,Melissahaven
CUST1061,Danielle,Bowers,lynchjody@gmail.com,745.499.0453,2023-10-23,Starktown
CUST1062,Angela,Gibson,donna23@arnold.com,1742684145,2024-09-04,Rodriguezberg
CUST1063,Gabrielle,Henderson,enorris@yahoo.com,+1-332-727-9568x783,2024-04-22,New Brianna
CUST1064,Megan,Bernard,keithcampbell@jones-hall.com,001-391-878-5191x08839,2024-11-23,North Annaville
CUST1065,Kimberly,Cowan,owilson@hernandez.com,+1-225-871-3971,2024-08-04,Mikaylastad
CUST1066,Jeremy,Peters,brooke94@martinez-barker.biz,707.286.7908x74064,2022-10-24,Bakerfort
CUST1067,Antonio,Higgins,mkim@gmail.com,3910651801,2022-12-05,Johnsonview
CUST1068,Leslie,Moore,cassandra01@gmail.com,046.226.5676x6182,2023-09-29,Thomasfurt
CUST1069,Joseph,Phillips,barbara27@pearson.org,+1-512-868-2300x4786,2024-03-07,South Pamelamouth
CUST1070,Jason,Novak,ecosta@yahoo.com,+1-633-752-4310,2023-02-20,North Julie
CUST1071,Sherri,Riley,manuel12@yahoo.com,+1-690-331-1907x90306,2024-05-03,Pennytown
CUST1072,Nancy,Daniels,zroberts@hotmail.com,383.028.4395x995,2023-05-27,Lisaport
CUST1073,Leonard,Adkins,qmiller@wilson-barton.net,428.364.4089,2025-04-15,Juanfort
CUST1074,Diana,Brown,mgutierrez@cox.com,001-268-705-6856x6246,2024-10-15,Port Jeremyport
CUST1075,Randall,Silva,andrea47@washington.com,(873)342-7086,2023-08-13,Schroedermouth
CUST1076,Robin,Shaw,andrea86@walker.info,(882)634-3517x51830,2025-03-27,Jessicaland
CUST1077,Stephen,Farrell,tyronemoran@thornton.info,699-013-9837x354,2024-11-12,South Jason
CUST1078,Joseph,Moore,yarnold@weeks.com,3317393638,2022-08-21,Figueroahaven
CUST1079,John,Yu,kendra65@adams.org,467-854-4587x71753,2024-03-07,Lorihaven
CUST1080,Anna,Miller,seanwashington@yahoo.com,(560)932-0489x964,2024-01-30,North Larry
CUST1081,Jose,Lopez,mcantu@hotmail.com,(353)693-7854,2024-08-05,Taylorhaven
CUST1082,Brenda,Larson,xhall@williams-garner.biz,001-777-252-2872x80801,2024-11-13,East Jamesborough
CUST1083,Rachael,Leonard,tylerjohnson@hotmail.com,+1-006-231-2038x75099,2024-08-12,East Antonioton
CUST1084,Reginald,Young,sawyerscott@hotmail.com,700.886.0084x8408,2024-01-07,Janetview
CUST1085,Jeffrey,Wilson,bowenrobert@hotmail.com,001-621-182-3398x454,2024-12-16,Madisonhaven
CUST1086,Whitney,Zamora,harrisontanya@hanson-sanders.com,(156)793-3410x1666,2024-09-09,Reidville
CUST1087,William,Sanchez,ofinley@hotmail.com,+1-700-217-6591,2023-12-03,East Nathanmouth
CUST1088,Christopher,Wheeler,williamsonjimmy@hotmail.com,033.974.0148x90250,2024-03-16,Port Thomas
CUST1089,Brandon,Harvey,juliehamilton@gmail.com,926.142.9396,2023-09-15,Maxview
CUST1090,Daniel,Barnes,tjackson@williams.com,+1-856-218-5016x31599,2023-04-27,West Anthonyton
CUST1091,Courtney,Silva,ryan38@yahoo.com,+1-650-477-3586x629,2022-08-31,Port Ashley
CUST1092,Laura,Mills,gregorylynch@harvey-allen.org,+1-619-431-1426x26551,2023-11-29,Port Jeffrey
CUST1093,Robert,Donovan,stevenking@estrada-nolan.info,047-541-2126,2025-02-03,Lake Jamie
CUST1094,Bryan,Harris,charleslandry@hotmail.com,888.610.1581x995,2023-06-27,Palmertown
CUST1095,Patrick,Moran,dvaughn@yahoo.com,(046)618-3982x6224,2022-09-05,Buckburgh
CUST1096,Wendy,Allen,gcastaneda@james.org,472-126-4647x1543,2023-10-01,East Johnnyport
CUST1097,Allison,Foster,andrew64@gmail.com,001-799-371-2406x5965,2022-10-21,Rodneyfurt
CUST1098,Tasha,Powers,swall@lawson.com,569.245.9375x265,2024-07-23,Stephenborough
CUST1099,Michelle,Evans,erica21@lucas.org,793-564-6519x3982,2024-10-21,Turnerhaven
CUST1100,Alexander,Stewart,christopherphillips@hotmail.com,+1-807-374-1672x43426,2024-01-28,Silvatown
CUST1101,Jennifer,Walton,jamesbuchanan@yahoo.com,(179)796-8868x0589,2025-01-14,Annaport
CUST1102,Erin,Jones,jonathansummers@yahoo.com,+1-113-529-0965x6101,2023-07-18,Gabriellefort
CUST1103,Amanda,Ellis,linda71@gmail.com,388-899-3756x798,2023-03-26,West Vanessamouth
CUST1104,Joseph,Murillo,zcoffey@diaz.net,(507)146-1125,2022-12-24,Joseport
CUST1105,Danielle,Ferrell,vrichardson@baker.com,573-875-7177x5140,2023-08-11,East Zachary
CUST1106,Daniel,Jones,thomasharvey@murphy.info,001-105-123-8282x586,2025-05-07,North Linda
CUST1107,Ryan,Lewis,cwilson@gmail.com,362.266.0937x966,2023-07-31,Guerreroberg
CUST1108,Shawn,Baker,pwilson@hotmail.com,3341918255,2023-09-09,Lake Tylerport
CUST1109,Stephanie,Mahoney,qchavez@horton.com,714.785.9696,2024-10-28,Rebeccafurt
CUST1110,Nancy,Ibarra,basschristina@yahoo.com,001-155-792-4991,2022-10-16,Doyleshire
CUST1111,Jose,Suarez,jeff73@garcia-jennings.net,+1-251-341-2528x66929,2023-06-27,West Jessica
CUST1112,Vincent,Wood,sandersjames@gmail.com,(627)828-2742x2579,2025-01-01,Lake Amanda
CUST1113,Guy,Moore,batesdarlene@hotmail.com,5072368876,2024-03-16,Knoxstad
CUST1114,Rita,Bass,buchananjohn@buchanan.com,+1-767-721-9034x04384,2024-01-24,Meganside
CUST1115,Monica,Warner,lisahall@kramer.com,(797)881-9148,2023-04-17,West Connor
CUST1116,Kenneth,Carr,vanessafernandez@gmail.com,(807)836-1340x745,2023-04-21,Lake Jonathan
CUST1117,Danielle,Archer,andersonmichael@chapman.com,713-395-9629,2023-07-24,Lake Rachel
CUST1118,Chelsea,Valdez,martinezrobert@gmail.com,(330)958-4982,2025-01-27,East Michaelport
CUST1119,Eric,Smith,xwest@wheeler.org,449-481-2604x22325,2023-11-28,Frenchmouth
CUST1120,Kathryn,Montoya,stephen00@boone-simmons.com,672.946.6711,2025-07-09,Jorgeport
CUST1121,Amber,Evans,fjones@yahoo.com,(845)775-9017x5186,2024-01-30,Yorkfort
CUST1122,Kimberly,Alvarado,martinezclaudia@kelley.net,637.454.5892,2025-01-25,Port Cynthiashire
CUST1123,Alyssa,Mcmillan,bwagner@gmail.com,001-750-017-0127,2022-09-03,South Pamelahaven
CUST1124,Aaron,Taylor,russellbeasley@morgan-chavez.biz,063.242.4154x152,2025-07-18,Port Erinhaven
CUST1125,Mario,Wilson,ronald45@mcdaniel.com,6436110371,2025-07-14,Robertberg
CUST1126,Andrew,Rodriguez,daviscolin@watson.net,(938)700-5162,2024-01-19,East Matthew
CUST1127,Sarah,Tran,jenkinsmorgan@yahoo.com,136.111.5542x6221,2024-12-19,Thomasburgh
CUST1128,Natasha,Nelson,caroline51@romero.com,909.275.3269x73112,2024-12-13,South Marvinburgh
CUST1129,Marie,Jacobs,danny49@gmail.com,001-196-565-2341x38999,2023-02-27,Cynthiatown
CUST1130,Kyle,Robbins,lynchdiane@hotmail.com,043-898-3640x3761,2024-12-12,Hillburgh
CUST1131,Brian,Harris,whitejacqueline@yahoo.com,791.805.5269,2023-05-10,South Kristen
CUST1132,Natalie,Walters,adam29@hotmail.com,(582)710-9104x30068,2024-08-24,East Christinachester
CUST1133,Stacey,Baker,thomascynthia@gmail.com,866-618-8924x1418,2024-11-10,Pattersonfort
CUST1134,Christopher,Freeman,nicholaschavez@wood.com,285.691.4630,2023-11-14,Smithside
CUST1135,Todd,Whitehead,moorekaren@craig.info,161.799.0421,2023-04-20,Lake Nathan
CUST1136,Chad,Mathis,alawson@yahoo.com,2027588425,2024-08-21,West Katherinehaven
CUST1137,Kathleen,Davis,reeddaniel@gregory.com,(410)564-8149,2022-09-18,North Erica
CUST1138,Katie,Henderson,djoyce@harris.com,+1-177-850-7925x2419,2022-12-09,East Heather
CUST1139,David,Hill,mark07@hotmail.com,+1-138-000-3075x62208,2022-10-17,Larryville
CUST1140,Thomas,Smith,davidpatel@gmail.com,001-635-365-4195x180,2023-07-18,Gordonport
CUST1141,Andrea,Wise,sandersjudy@yahoo.com,(380)617-4451,2025-02-10,North Madison
CUST1142,Joseph,Walsh,umorse@patterson.com,+1-705-349-4937,2023-06-26,Stacymouth
CUST1143,Monique,Green,usmith@solis.info,(973)832-0603x850,2022-08-21,Ryanberg
CUST1144,Rodney,Figueroa,kimdaniel@yahoo.com,064-138-3670x24103,2024-10-16,Wendyfort
CUST1145,Jason,Arnold,fosterkyle@yahoo.com,657.191.8261x99062,2024-08-02,Karenburgh
CUST1146,Amber,Patterson,kimberly18@wilson.com,445.655.7431,2022-07-23,Smithbury
CUST1147,Jessica,Smith,joelthomas@gmail.com,291.212.7756,2023-12-19,East Jessica
CUST1148,James,Jones,kathleenrios@bean.info,853-747-4112,2025-03-02,North Michael
CUST1149,Larry,Ware,kmaldonado@hotmail.com,+1-490-352-1356x80442,2023-05-30,South Nancyview
